Weekday,Month,Day,Date,Price,Open,High,Low,Vol.,Change %,Volume
SAT,12,31,12/31/22,21078000,21092000,21213000,20968000,0.58K,-0.07%,580
FRI,12,30,12/30/22,21092000,21200000,21207000,20748000,0.66K,-0.50%,660
THUR,12,29,12/29/22,21198000,21048000,21289000,20904000,0.70K,0.70%,700
WED,12,28,12/28/22,21051000,21325000,21372000,21000000,0.82K,-1.29%,820
TUE,12,27,12/27/22,21326000,21683000,21728000,21243000,0.66K,-1.64%,660
MON,12,26,12/26/22,21682000,21824000,21831000,21571000,0.63K,-0.66%,630
SUN,12,25,12/25/22,21825000,21945000,21961000,21760000,0.59K,-0.53%,590
SAT,12,24,12/24/22,21942000,21851000,21997000,21849000,0.54K,0.43%,540
FRI,12,23,12/23/22,21849000,21878000,21999000,21749000,0.60K,-0.13%,600
THUR,12,22,12/22/22,21878000,21917000,21969000,21642000,0.93K,-0.18%,930
WED,12,21,12/21/22,21917000,22008000,22057000,21850000,0.71K,-0.43%,710
TUE,12,20,12/20/22,22012000,21645000,22200000,21577000,0.75K,1.69%,750
MON,12,19,12/19/22,21647000,22220000,22243000,21526000,1.27K,-2.63%,1270
SUN,12,18,12/18/22,22232000,22247000,22300000,22129000,0.12K,-0.07%,120
SAT,12,17,12/17/22,22248000,22240000,22365000,21976000,0.72K,0.06%,720
FRI,12,16,12/16/22,22234000,22954000,23009000,22127000,1.40K,-3.12%,1400
THUR,12,15,12/15/22,22950000,23262000,23368000,22865000,0.89K,-1.32%,890
WED,12,14,12/14/22,23256000,23167000,23908000,23152000,1.37K,0.36%,1370
TUE,12,13,12/13/22,23172000,22833000,23516000,22562000,0.99K,1.48%,990
MON,12,12,12/12/22,22835000,22770000,22873000,22475000,0.74K,0.28%,740
SUN,12,11,12/11/22,22772000,22826000,22903000,22751000,0.69K,-0.25%,690
SAT,12,10,12/10/22,22828000,22854000,22918000,22809000,0.68K,-0.11%,680
FRI,12,9,12/9/22,22854000,22905000,23000000,22737000,0.73K,-0.23%,730
THUR,12,8,12/8/22,22907000,22540000,22994000,22467000,0.93K,1.64%,930
WED,12,7,12/7/22,22538000,22821000,22882000,22385000,0.71K,-1.24%,710
TUE,12,6,12/6/22,22821000,22736000,22866000,22695000,0.79K,0.35%,790
MON,12,5,12/5/22,22741000,22913000,23149000,22686000,0.97K,-0.79%,970
SUN,12,4,12/4/22,22923000,22827000,23006000,22752000,0.73K,0.42%,730
SAT,12,3,12/3/22,22827000,22883000,22962000,22739000,0.66K,-0.24%,660
FRI,12,2,12/2/22,22883000,23006000,23041000,22633000,0.69K,-0.54%,690
THUR,12,1,12/1/22,23008000,23216000,23315000,22872000,0.93K,-0.90%,930
WED,11,30,11/30/22,23217000,22416000,23284000,22402000,1.35K,3.59%,1350
TUE,11,29,11/29/22,22413000,22319000,22588000,22150000,0.90K,0.42%,900
MON,11,28,11/28/22,22319000,22646000,22682000,22161000,1.23K,-1.46%,1230
SUN,11,27,11/27/22,22650000,22664000,22780000,22602000,2.17K,-0.06%,2170
SAT,11,26,11/26/22,22664000,22673000,22877000,22600000,1.34K,-0.04%,1340
FRI,11,25,11/25/22,22673000,22716000,22814000,22328000,0.72K,-0.18%,720
THUR,11,24,11/24/22,22715000,22951000,23196000,22567000,0.87K,-1.06%,870
WED,11,23,11/23/22,22959000,22550000,23100000,22489000,0.94K,1.81%,940
TUE,11,22,11/22/22,22550000,22193000,22698000,21999000,0.58K,1.59%,580
MON,11,21,11/21/22,22198000,22775000,22812000,21896000,1.09K,-2.53%,1090
SUN,11,20,11/20/22,22775000,23051000,23088000,22650000,0.53K,-1.20%,530
SAT,11,19,11/19/22,23051000,22989000,23157000,22955000,0.26K,0.22%,260
FRI,11,18,11/18/22,23001000,23085000,23127000,22869000,0.39K,0.43%,390
THUR,11,17,11/17/22,22903000,22979000,23019000,22584000,0.48K,0.40%,480
WED,11,16,11/16/22,22811000,22990000,23133000,22535000,0.53K,-0.78%,530
TUE,11,15,11/15/22,22990000,22680000,23202000,22528000,0.76K,1.37%,760
MON,11,14,11/14/22,22679000,22475000,23427000,21533000,0.99K,0.90%,990
SUN,11,13,11/13/22,22476000,23355000,23486000,22458000,1.36K,-3.76%,1360
SAT,11,12,11/12/22,23355000,23668000,23769000,23077000,0.44K,-1.29%,440
FRI,11,11,11/11/22,23661000,24783000,24938000,22936000,1.19K,-4.50%,1190
THUR,11,10,11/10/22,24776000,22960000,25137000,22840000,1.98K,8.04%,1980
WED,11,9,11/9/22,22932000,26645000,26813000,22500000,4.43K,-13.94%,4430
TUE,11,8,11/8/22,26645000,28982000,29024000,26000000,3.92K,-8.06%,3920
MON,11,7,11/7/22,28982000,29454000,29676000,28810000,0.78K,-1.61%,780
SUN,11,6,11/6/22,29455000,29775000,29872000,29429000,0.61K,-1.05%,610
SAT,11,5,11/5/22,29768000,29393000,29922000,29335000,0.41K,1.25%,410
FRI,11,4,11/4/22,29401000,28737000,29670000,28715000,0.79K,2.31%,790
THUR,11,3,11/3/22,28737000,28670000,28874000,28475000,0.42K,0.23%,420
WED,11,2,11/2/22,28670000,28762000,29300000,28550000,1.13K,-0.34%,1130
TUE,11,1,11/1/22,28767000,28769000,28895000,28642000,0.41K,-0.07%,410
MON,10,31,10/31/22,28788000,28971000,29219000,28520000,0.28K,-0.61%,280
SUN,10,30,10/30/22,28964000,29123000,29350000,28900000,0.37K,-0.52%,370
SAT,10,29,10/29/22,29116000,28939000,29472000,28900000,0.96K,0.61%,960
FRI,10,28,10/28/22,28940000,28572000,29167000,28340000,0.61K,1.29%,610
THUR,10,27,10/27/22,28572000,29087000,29187000,28490000,0.70K,-1.78%,700
WED,10,26,10/26/22,29089000,28465000,29428000,28432000,0.73K,2.19%,730
TUE,10,25,10/25/22,28465000,27775000,28861000,27610000,1.67K,2.48%,1670
MON,10,24,10/24/22,27775000,27993000,28062000,27613000,0.34K,-0.78%,340
SUN,10,23,10/23/22,27993000,27613000,28117000,27482000,0.54K,1.38%,540
SAT,10,22,10/22/22,27612000,27592000,27681000,27540000,0.12K,0.07%,120
FRI,10,21,10/21/22,27592000,27484000,27720000,27119000,0.40K,0.39%,400
THUR,10,20,10/20/22,27484000,27646000,27787000,27379000,0.61K,-0.59%,610
WED,10,19,10/19/22,27646000,27790000,27807000,27528000,0.25K,-0.52%,250
TUE,10,18,10/18/22,27791000,28023000,28160000,27518000,0.46K,-0.83%,460
MON,10,17,10/17/22,28023000,27680000,28170000,27482000,0.37K,1.24%,370
SUN,10,16,10/16/22,27680000,27548000,27895000,27482000,0.46K,0.48%,460
SAT,10,15,10/15/22,27548000,27652000,27708000,27441000,0.40K,-0.38%,400
FRI,10,14,10/14/22,27652000,27787000,28546000,27496000,0.56K,-0.54%,560
THUR,10,13,10/13/22,27802000,27459000,28051000,26400000,1.06K,1.20%,1060
WED,10,12,10/12/22,27472000,27351000,27517000,27200000,0.27K,0.43%,270
TUE,10,11,10/11/22,27354000,27429000,27685000,27120000,0.45K,-0.27%,450
MON,10,10,10/10/22,27429000,27677000,27819000,27358000,0.54K,-0.89%,540
SUN,10,9,10/9/22,27676000,27753000,27884000,27615000,0.37K,-0.28%,370
SAT,10,8,10/8/22,27753000,27789000,27924000,27602000,0.34K,-0.15%,340
FRI,10,7,10/7/22,27795000,28421000,28524000,27637000,0.74K,-2.20%,740
THUR,10,6,10/6/22,28421000,28715000,28908000,28295000,0.62K,-1.02%,620
WED,10,5,10/5/22,28715000,28985000,29040000,28304000,0.67K,-0.92%,670
TUE,10,4,10/4/22,28982000,28289000,29092000,28131000,0.66K,2.44%,660
MON,10,3,10/3/22,28293000,27698000,28330000,27601000,0.62K,2.19%,620
SUN,10,2,10/2/22,27687000,27890000,27972000,27500000,0.56K,-0.73%,560
SAT,10,1,10/1/22,27890000,27937000,28014000,27700000,0.35K,-0.17%,350
FRI,9,30,9/30/22,27937000,27996000,28835000,27600000,1.01K,-0.20%,1010
THUR,9,29,9/29/22,27993000,27946000,28242000,27250000,0.99K,0.17%,990
WED,9,28,9/28/22,27945000,27538000,28392000,26810000,1.23K,1.46%,1230
TUE,9,27,9/27/22,27542000,27610000,29098000,27127000,1.66K,-0.25%,1660
MON,9,26,9/26/22,27610000,27061000,27739000,26978000,0.59K,2.06%,590
SUN,9,25,9/25/22,27053000,27253000,27474000,26900000,0.60K,-0.73%,600
SAT,9,24,9/24/22,27253000,27577000,27597000,27080000,0.43K,-1.17%,430
FRI,9,23,9/23/22,27577000,27573000,27796000,26684000,0.90K,-0.03%,900
THUR,9,22,9/22/22,27584000,26569000,27700000,26457000,0.85K,3.82%,850
WED,9,21,9/21/22,26569000,26735000,28100000,26155000,1.82K,-0.62%,1820
TUE,9,20,9/20/22,26735000,27579000,27701000,26548000,0.88K,-3.06%,880
MON,9,19,9/19/22,27579000,27478000,27758000,26170000,0.88K,0.40%,880
SUN,9,18,9/18/22,27470000,28170000,28185000,27258000,0.95K,-2.50%,950
SAT,9,17,9/17/22,28175000,27915000,28334000,27866000,0.42K,0.93%,420
FRI,9,16,9/16/22,27915000,28008000,28123000,27410000,0.61K,-0.33%,610
THUR,9,15,9/15/22,28008000,28359000,28468000,27702000,0.85K,-1.20%,850
WED,9,14,9/14/22,28349000,28375000,28801000,27619000,1.10K,-0.09%,1100
TUE,9,13,9/13/22,28375000,30701000,31283000,28159000,1.22K,-7.58%,1220
MON,9,12,9/12/22,30701000,30048000,30897000,29801000,0.64K,2.19%,640
SUN,9,11,9/11/22,30044000,29768000,30045000,29518000,0.53K,0.93%,530
SAT,9,10,9/10/22,29768000,29369000,29897000,29000000,0.58K,1.36%,580
FRI,9,9,9/9/22,29369000,26866000,29600000,26846000,0.88K,9.27%,880
THUR,9,8,9/8/22,26878000,26784000,27034000,26600000,0.50K,0.35%,500
WED,9,7,9/7/22,26784000,26353000,27039000,26160000,0.74K,1.64%,740
TUE,9,6,9/6/22,26353000,27297000,27700000,26199000,1.31K,-3.46%,1310
MON,9,5,9/5/22,27297000,27525000,27582000,27187000,0.51K,-0.83%,510
SUN,9,4,9/4/22,27525000,27410000,27564000,27165000,0.22K,0.42%,220
SAT,9,3,9/3/22,27410000,27560000,27717000,27260000,0.21K,-0.54%,210
FRI,9,2,9/2/22,27560000,27592000,28012000,27313000,0.60K,-0.12%,600
THUR,9,1,9/1/22,27592000,27510000,27726000,27050000,0.53K,0.30%,530
WED,8,31,8/31/22,27510000,27261000,27922000,27256000,0.52K,0.91%,520
TUE,8,30,8/30/22,27261000,27793000,28135000,27124000,0.75K,-1.95%,750
MON,8,29,8/29/22,27804000,27067000,28046000,27063000,0.44K,2.72%,440
SUN,8,28,8/28/22,27067000,27738000,27873000,27050000,0.34K,-2.43%,340
SAT,8,27,8/27/22,27741000,27914000,28113000,27464000,0.39K,-0.62%,390
FRI,8,26,8/26/22,27914000,29264000,29615000,27765000,1.06K,-4.61%,1060
THUR,8,25,8/25/22,29264000,29086000,29500000,29000000,0.38K,0.61%,380
WED,8,24,8/24/22,29086000,29255000,29668000,28917000,0.44K,-0.58%,440
TUE,8,23,8/23/22,29255000,29238000,29508000,28609000,0.48K,0.06%,480
MON,8,22,8/22/22,29236000,29461000,29553000,28811000,0.77K,-0.80%,770
SUN,8,21,8/21/22,29471000,29350000,29641000,29009000,0.32K,0.41%,320
SAT,8,20,8/20/22,29350000,28588000,29419000,28564000,0.57K,2.67%,570
FRI,8,19,8/19/22,28588000,31713000,31720000,28549000,1.04K,-9.85%,1040
THUR,8,18,8/18/22,31713000,31559000,31756000,31435000,0.42K,0.49%,420
WED,8,17,8/17/22,31559000,32080000,32540000,31325000,0.61K,-1.62%,610
TUE,8,16,8/16/22,32080000,32434000,32592000,31820000,0.85K,-1.09%,850
MON,8,15,8/15/22,32434000,32601000,33456000,32116000,0.91K,-0.51%,910
SUN,8,14,8/14/22,32601000,32589000,33199000,32377000,0.72K,0.04%,720
SAT,8,13,8/13/22,32589000,32367000,32955000,32272000,0.64K,0.73%,640
FRI,8,12,8/12/22,32353000,31798000,32444000,31624000,0.99K,1.75%,990
THUR,8,11,8/11/22,31798000,31600000,32849000,31541000,0.85K,0.63%,850
WED,8,10,8/10/22,31600000,31019000,32015000,30500000,1.09K,1.87%,1090
TUE,8,9,8/9/22,31020000,31459000,31701000,30586000,0.49K,-1.40%,490
MON,8,8,8/8/22,31459000,30707000,31900000,30701000,5.64K,2.45%,5640
SUN,8,7,8/7/22,30707000,30490000,30893000,30450000,1.01K,0.71%,1010
SAT,8,6,8/6/22,30490000,30774000,30862000,30460000,0.62K,-0.92%,620
FRI,8,5,8/5/22,30774000,30310000,30965000,30250000,1.39K,1.53%,1390
THUR,8,4,8/4/22,30310000,30676000,31007000,30135000,1.27K,-1.23%,1270
WED,8,3,8/3/22,30689000,30772000,31416000,30447000,1.66K,-0.27%,1660
TUE,8,2,8/2/22,30772000,30862000,31075000,30195000,1.72K,-0.29%,1720
MON,8,1,8/1/22,30862000,30745000,31072000,30412000,1.24K,0.37%,1240
SUN,7,31,7/31/22,30749000,31272000,31790000,30729000,1.60K,-1.64%,1600
SAT,7,30,7/30/22,31263000,31423000,32485000,31191000,1.66K,-0.49%,1660
FRI,7,29,7/29/22,31416000,31234000,31925000,30927000,1.78K,0.58%,1780
THUR,7,28,7/28/22,31235000,30187000,31582000,29830000,2.11K,3.47%,2110
WED,7,27,7/27/22,30187000,28385000,30465000,28148000,2.73K,6.37%,2730
TUE,7,26,7/26/22,28380000,28508000,28550000,27692000,1.67K,-0.45%,1670
MON,7,25,7/25/22,28508000,29818000,29918000,28435000,2.05K,-4.39%,2050
SUN,7,24,7/24/22,29818000,29716000,30219000,29505000,1.38K,0.30%,1380
SAT,7,23,7/23/22,29729000,30058000,30279000,29185000,0.99K,-1.09%,990
FRI,7,22,7/22/22,30058000,30438000,31200000,29860000,1.95K,-1.25%,1950
THUR,7,21,7/21/22,30438000,30496000,30847000,29583000,2.29K,-0.14%,2290
WED,7,20,7/20/22,30482000,30702000,31798000,30160000,2.71K,-0.72%,2710
TUE,7,19,7/19/22,30702000,29407000,31093000,28480000,3.14K,4.40%,3140
MON,7,18,7/18/22,29408000,27494000,29664000,27450000,2.67K,7.01%,2670
SUN,7,17,7/17/22,27482000,27865000,28455000,27425000,1.20K,-1.37%,1200
SAT,7,16,7/16/22,27865000,27608000,28397000,27117000,1.34K,0.99%,1340
FRI,7,15,7/15/22,27593000,27117000,27778000,26891000,6.39K,1.80%,6390
THUR,7,14,7/14/22,27106000,26628000,27500000,26084000,2.52K,1.80%,2520
WED,7,13,7/13/22,26628000,25704000,26698000,25207000,2.20K,3.59%,2200
TUE,7,12,7/12/22,25704000,26450000,26529000,25608000,2.01K,-2.82%,2010
MON,7,11,7/11/22,26450000,27326000,27337000,26406000,1.72K,-3.21%,1720
SUN,7,10,7/10/22,27326000,28207000,28216000,27166000,1.60K,-3.12%,1600
SAT,7,9,7/9/22,28207000,28268000,28618000,27952000,1.38K,-0.22%,1380
FRI,7,8,7/8/22,28268000,28138000,29003000,27773000,3.16K,0.45%,3160
THUR,7,7,7/7/22,28141000,26947000,28350000,26577000,2.77K,4.43%,2770
WED,7,6,7/6/22,26947000,26534000,27039000,26119000,1.62K,1.56%,1620
TUE,7,5,7/5/22,26534000,26424000,27247000,25530000,1.95K,0.42%,1950
MON,7,4,7/4/22,26424000,25432000,26540000,25102000,1.19K,3.90%,1190
SUN,7,3,7/3/22,25432000,25433000,25870000,24973000,0.55K,0.00%,550
SAT,7,2,7/2/22,25432000,25536000,25663000,25162000,0.36K,-0.42%,360
FRI,7,1,7/1/22,25539000,26000000,27162000,25071000,0.83K,-1.80%,830
THUR,6,30,6/30/22,26008000,26528000,26591000,24641000,1.59K,-1.96%,1590
WED,6,29,6/29/22,26528000,26560000,26750000,26130000,1.04K,-0.11%,1040
TUE,6,28,6/28/22,26558000,27030000,27421000,26425000,1.07K,-1.72%,1070
MON,6,27,6/27/22,27024000,27429000,27850000,26813000,0.69K,-1.51%,690
SUN,6,26,6/26/22,27438000,27849000,28325000,27396000,1.08K,-1.48%,1080
SAT,6,25,6/25/22,27849000,27611000,27963000,27256000,0.86K,0.90%,860
FRI,6,24,6/24/22,27601000,27407000,27905000,26934000,1.23K,0.71%,1230
THUR,6,23,6/23/22,27407000,26156000,27467000,26074000,1.31K,4.77%,1310
WED,6,22,6/22/22,26158000,26995000,27190000,25963000,1.67K,-3.10%,1670
TUE,6,21,6/21/22,26995000,26638000,27976000,26482000,1.42K,1.34%,1420
MON,6,20,6/20/22,26638000,26656000,27171000,25600000,1.89K,-0.13%,1890
SUN,6,19,6/19/22,26674000,25027000,26955000,23764000,2.39K,6.57%,2390
SAT,6,18,6/18/22,25030000,26971000,27318000,23796000,3.32K,-7.16%,3320
FRI,6,17,6/17/22,26961000,26807000,27872000,26543000,0.86K,0.57%,860
THUR,6,16,6/16/22,26807000,29199000,29588000,26612000,2.17K,-8.19%,2170
WED,6,15,6/15/22,29199000,28825000,29477000,26612000,3.71K,1.30%,3710
TUE,6,14,6/14/22,28825000,29306000,30121000,27261000,1.89K,-1.65%,1890
MON,6,13,6/13/22,29308000,34624000,35025000,28734000,3.23K,-15.37%,3230
SUN,6,12,6/12/22,34629000,37062000,37164000,34617000,1.19K,-6.56%,1190
SAT,6,11,6/11/22,37062000,37652000,37933000,36626000,0.95K,-1.62%,950
FRI,6,10,6/10/22,37671000,38252000,38527000,37443000,0.79K,-1.48%,790
THUR,6,9,6/9/22,38238000,38508000,38823000,38117000,0.43K,-0.70%,430
WED,6,8,6/8/22,38508000,39368000,39564000,38037000,0.59K,-2.18%,590
TUE,6,7,6/7/22,39368000,39569000,39735000,37416000,1.65K,-0.56%,1650
MON,6,6,6/6/22,39589000,38005000,39942000,37975000,0.62K,4.17%,620
SUN,6,5,6/5/22,38005000,37906000,38202000,37600000,0.38K,0.26%,380
SAT,6,4,6/4/22,37906000,37856000,38092000,37602000,0.22K,0.13%,220
FRI,6,3,6/3/22,37856000,38346000,38555000,37305000,0.41K,-1.27%,410
THUR,6,2,6/2/22,38344000,37845000,38656000,37558000,0.66K,1.32%,660
WED,6,1,6/1/22,37843000,39900000,40089000,37533000,2.13K,-5.16%,2130
TUE,5,31,5/31/22,39900000,39575000,40593000,39323000,0.89K,0.79%,890
MON,5,30,5/30/22,39589000,37425000,40000000,37196000,1.39K,5.78%,1390
SUN,5,29,5/29/22,37427000,36981000,37609000,36794000,1.10K,1.21%,1100
SAT,5,28,5/28/22,36981000,36798000,37311000,36576000,1.15K,0.53%,1150
FRI,5,27,5/27/22,36787000,37595000,37764000,36336000,1.56K,-2.15%,1560
THUR,5,26,5/26/22,37595000,37863000,38157000,36300000,2.17K,-0.71%,2170
WED,5,25,5/25/22,37863000,37747000,38344000,37525000,1.08K,0.33%,1080
TUE,5,24,5/24/22,37739000,37336000,37988000,36682000,1.45K,1.08%,1450
MON,5,23,5/23/22,37336000,38916000,39175000,37112000,1.47K,-4.06%,1470
SUN,5,22,5/22/22,38916000,38001000,39132000,37832000,1.36K,2.41%,1360
SAT,5,21,5/21/22,38002000,37743000,38229000,37543000,1.16K,0.69%,1160
FRI,5,20,5/20/22,37743000,38751000,39242000,37210000,1.57K,-2.61%,1570
THUR,5,19,5/19/22,38755000,36891000,38998000,36851000,1.54K,4.98%,1540
WED,5,18,5/18/22,36917000,39166000,39320000,36825000,1.38K,-5.74%,1380
TUE,5,17,5/17/22,39166000,39141000,39825000,38200000,1.64K,0.06%,1640
MON,5,16,5/16/22,39141000,40884000,40888000,38456000,1.15K,-4.28%,1150
SUN,5,15,5/15/22,40890000,39899000,40950000,39186000,0.82K,2.48%,820
SAT,5,14,5/14/22,39899000,38995000,40115000,38277000,0.67K,2.29%,670
FRI,5,13,5/13/22,39004000,38557000,40747000,38145000,1.33K,1.16%,1330
THUR,5,12,5/12/22,38557000,39509000,40852000,36500000,2.08K,-2.46%,2080
WED,5,11,5/11/22,39531000,40886000,42605000,38478000,1.92K,-3.32%,1920
TUE,5,10,5/10/22,40889000,40658000,43050000,40000000,2.31K,0.58%,2310
MON,5,9,5/9/22,40652000,44681000,44985000,40398000,3.11K,-9.02%,3110
SUN,5,8,5/8/22,44681000,46449000,46475000,44575000,1.16K,-3.86%,1160
SAT,5,7,5/7/22,46474000,46964000,47200000,46001000,0.92K,-1.08%,920
FRI,5,6,5/6/22,46982000,47588000,47734000,46125000,1.07K,-1.25%,1070
THUR,5,5,5/5/22,47575000,50595000,50821000,47199000,2.54K,-5.97%,2540
WED,5,4,5/4/22,50595000,48697000,50984000,48625000,1.40K,3.94%,1400
TUE,5,3,5/3/22,48677000,49453000,49621000,48521000,1.09K,-1.57%,1090
MON,5,2,5/2/22,49453000,49357000,50125000,49041000,1.18K,0.22%,1180
SUN,5,1,5/1/22,49343000,49239000,49588000,48470000,1.06K,0.21%,1060
SAT,4,30,4/30/22,49239000,49735000,49999000,49181000,1.04K,-0.96%,1040
FRI,4,29,4/29/22,49715000,50543000,50712000,49400000,1.51K,-1.65%,1510
THUR,4,28,4/28/22,50549000,49915000,51169000,49667000,1.53K,1.26%,1530
WED,4,27,4/27/22,49918000,48720000,50067000,48570000,1.16K,2.48%,1160
TUE,4,26,4/26/22,48710000,50623000,51147000,48202000,1.29K,-3.80%,1290
MON,4,25,4/25/22,50633000,49617000,50897000,48560000,1.44K,2.02%,1440
SUN,4,24,4/24/22,49629000,49723000,50116000,49247000,0.93K,-0.14%,930
SAT,4,23,4/23/22,49699000,49942000,50287000,49437000,0.71K,-0.49%,710
FRI,4,22,4/22/22,49942000,50878000,50977000,49395000,1.04K,-1.84%,1040
THUR,4,21,4/21/22,50878000,51402000,53050000,50300000,0.95K,-1.05%,950
WED,4,20,4/20/22,51420000,51444000,52339000,51035000,0.80K,-0.05%,800
TUE,4,19,4/19/22,51446000,50767000,51768000,50428000,0.49K,1.34%,490
MON,4,18,4/18/22,50767000,49862000,51186000,48523000,0.85K,1.82%,850
SUN,4,17,4/17/22,49862000,50443000,50600000,49714000,0.63K,-1.15%,630
SAT,4,16,4/16/22,50443000,50702000,50802000,50132000,0.51K,-0.53%,510
FRI,4,15,4/15/22,50714000,49947000,50796000,49780000,0.41K,1.54%,410
THUR,4,14,4/14/22,49947000,51394000,51619000,49610000,0.78K,-2.85%,780
WED,4,13,4/13/22,51410000,50420000,51658000,49740000,1.13K,2.00%,1130
TUE,4,12,4/12/22,50402000,49884000,51024000,49385000,1.14K,1.04%,1140
MON,4,11,4/11/22,49884000,52763000,52987000,49594000,1.29K,-5.45%,1290
SUN,4,10,4/10/22,52762000,53281000,53849000,52342000,0.81K,-0.97%,810
SAT,4,9,4/9/22,53281000,52892000,53331000,52670000,0.49K,0.70%,490
FRI,4,8,4/8/22,52910000,53813000,54593000,52753000,0.80K,-1.67%,800
THUR,4,7,4/7/22,53808000,53025000,54341000,52777000,0.81K,1.49%,810
WED,4,6,4/6/22,53020000,56149000,56165000,53000000,1.24K,-5.57%,1240
TUE,4,5,4/5/22,56149000,57030000,57520000,56028000,1.02K,-1.54%,1020
MON,4,4,4/4/22,57026000,56651000,57300000,55516000,1.20K,0.66%,1200
SUN,4,3,4/3/22,56651000,56052000,57500000,55805000,0.27K,1.07%,270
SAT,4,2,4/2/22,56051000,56492000,57361000,55825000,0.92K,-0.80%,920
FRI,4,1,4/1/22,56502000,55459000,56802000,54278000,1.18K,1.91%,1180
THUR,3,31,3/31/22,55442000,56699000,57185000,55232000,1.34K,-2.17%,1340
WED,3,30,3/30/22,56674000,57044000,57085000,56098000,1.22K,-0.65%,1220
TUE,3,29,3/29/22,57047000,56884000,57618000,56433000,1.39K,0.31%,1390
MON,3,28,3/28/22,56868000,55930000,57713000,55815000,1.31K,1.67%,1310
SUN,3,27,3/27/22,55936000,54002000,56183000,53718000,2.02K,3.58%,2020
SAT,3,26,3/26/22,54002000,53889000,54223000,53482000,0.48K,0.21%,480
FRI,3,25,3/25/22,53889000,52886000,54328000,52680000,0.90K,1.90%,900
THUR,3,24,3/24/22,52886000,52150000,53200000,51820000,1.35K,1.41%,1350
WED,3,23,3/23/22,52150000,51753000,52260000,51043000,1.10K,0.76%,1100
TUE,3,22,3/22/22,51755000,50101000,52347000,49947000,1.09K,3.34%,1090
MON,3,21,3/21/22,50081000,50493000,50765000,49783000,0.92K,-0.85%,920
SUN,3,20,3/20/22,50510000,51242000,51350000,50170000,0.95K,-1.38%,950
SAT,3,19,3/19/22,51218000,50739000,51296000,50605000,0.63K,0.95%,630
FRI,3,18,3/18/22,50737000,50060000,51165000,49356000,1.16K,1.40%,1160
THUR,3,17,3/17/22,50035000,50456000,50800000,49593000,0.58K,-0.83%,580
WED,3,16,3/16/22,50452000,48590000,51282000,48421000,1.33K,3.80%,1330
TUE,3,15,3/15/22,48604000,49159000,49288000,47777000,1.14K,-1.13%,1140
MON,3,14,3/14/22,49159000,47425000,49480000,47113000,0.99K,3.67%,990
SUN,3,13,3/13/22,47417000,48471000,48869000,47300000,0.88K,-2.21%,880
SAT,3,12,3/12/22,48489000,48232000,48998000,48130000,0.45K,0.53%,450
FRI,3,11,3/11/22,48232000,48905000,49889000,47750000,0.73K,-1.38%,730
THUR,3,10,3/10/22,48905000,51571000,51772000,48210000,0.78K,-5.22%,780
WED,3,9,3/9/22,51596000,48197000,52231000,48141000,0.95K,7.05%,950
TUE,3,8,3/8/22,48199000,47387000,48757000,47283000,0.43K,1.69%,430
MON,3,7,3/7/22,47399000,47776000,48824000,46478000,1.36K,-0.79%,1360
SUN,3,6,3/6/22,47777000,48620000,48993000,47210000,1.19K,-1.73%,1190
SAT,3,5,3/5/22,48620000,48406000,48835000,47900000,0.58K,0.43%,580
FRI,3,4,3/4/22,48411000,51780000,51875000,48077000,1.37K,-6.51%,1370
THUR,3,3,3/3/22,51780000,53398000,53700000,51121000,1.25K,-3.03%,1250
WED,3,2,3/2/22,53398000,53800000,54697000,52720000,0.76K,-0.74%,760
TUE,3,1,3/1/22,53798000,52173000,54645000,51904000,1.02K,3.16%,1020
MON,2,28,2/28/22,52152000,46275000,52970000,46059000,2.47K,12.64%,2470
SUN,2,27,2/27/22,46299000,47766000,48500000,45645000,1.42K,-3.10%,1420
SAT,2,26,2/26/22,47779000,47807000,48833000,47151000,0.70K,-0.08%,700
FRI,2,25,2/25/22,47818000,46816000,48438000,46440000,1.25K,2.14%,1250
THUR,2,24,2/24/22,46816000,45431000,48092000,42524000,2.19K,3.05%,2190
WED,2,23,2/23/22,45431000,46441000,47472000,45120000,1.27K,-2.15%,1270
TUE,2,22,2/22/22,46429000,45340000,46612000,44679000,1.30K,2.40%,1300
MON,2,21,2/21/22,45340000,47063000,48102000,45038000,1.63K,-3.66%,1630
SUN,2,20,2/20/22,47063000,49046000,49074000,46600000,0.63K,-4.10%,630
SAT,2,19,2/19/22,49074000,48945000,49169000,48226000,0.12K,0.29%,120
FRI,2,18,2/18/22,48932000,49277000,50056000,48328000,1.05K,-0.70%,1050
THUR,2,17,2/17/22,49277000,53173000,53426000,49059000,1.43K,-7.34%,1430
WED,2,16,2/16/22,53183000,53691000,53714000,52728000,1.02K,-0.97%,1020
TUE,2,15,2/15/22,53706000,51604000,53905000,51432000,1.35K,4.07%,1350
MON,2,14,2/14/22,51607000,51457000,52000000,50621000,1.03K,0.29%,1030
SUN,2,13,2/13/22,51457000,51597000,52112000,51150000,0.89K,-0.27%,890
SAT,2,12,2/12/22,51595000,51792000,52296000,50800000,0.85K,-0.38%,850
FRI,2,11,2/11/22,51792000,53004000,53222000,51157000,1.47K,-2.29%,1470
THUR,2,10,2/10/22,53004000,53551000,55280000,52586000,1.69K,-1.02%,1690
WED,2,9,2/9/22,53551000,53710000,53977000,52500000,1.28K,-0.27%,1280
TUE,2,8,2/8/22,53698000,53462000,55269000,52222000,1.53K,0.42%,1530
MON,2,7,2/7/22,53471000,51745000,54059000,51046000,1.39K,3.34%,1390
SUN,2,6,2/6/22,51745000,50734000,52000000,50367000,0.83K,1.99%,830
SAT,2,5,2/5/22,50734000,50604000,51383000,50163000,0.69K,0.26%,690
FRI,2,4,2/4/22,50604000,45750000,50778000,45430000,1.45K,10.60%,1450
THUR,2,3,2/3/22,45754000,45429000,45804000,44726000,1.17K,0.70%,1170
WED,2,2,2/2/22,45437000,47773000,47873000,45351000,1.50K,-4.87%,1500
TUE,2,1,2/1/22,47762000,47194000,48152000,46857000,1.65K,1.15%,1650
MON,1,31,1/31/22,47219000,47178000,47578000,45531000,0.68K,0.08%,680
SUN,1,30,1/30/22,47180000,47200000,47484000,46517000,0.45K,-0.04%,450
SAT,1,29,1/29/22,47200000,46632000,47672000,46120000,0.46K,1.27%,460
FRI,1,28,1/28/22,46606000,45750000,46843000,45024000,0.67K,1.82%,670
THUR,1,27,1/27/22,45775000,45026000,45784000,43697000,0.96K,1.66%,960
WED,1,26,1/26/22,45026000,44868000,47384000,44404000,1.89K,0.34%,1890
TUE,1,25,1/25/22,44872000,44726000,45467000,43440000,1.20K,0.33%,1200
MON,1,24,1/24/22,44726000,44272000,45534000,40813000,2.64K,1.03%,2640
SUN,1,23,1/23/22,44272000,43452000,44502000,42715000,0.82K,1.89%,820
SAT,1,22,1/22/22,43452000,45242000,45503000,42666000,1.41K,-3.92%,1410
FRI,1,21,1/21/22,45225000,49656000,49945000,44499000,2.03K,-8.94%,2030
THUR,1,20,1/20/22,49665000,50236000,52273000,49562000,1.36K,-1.14%,1360
WED,1,19,1/19/22,50237000,51132000,51350000,49884000,0.59K,-1.75%,590
TUE,1,18,1/18/22,51132000,51454000,51594000,50156000,1.21K,-0.58%,1210
MON,1,17,1/17/22,51430000,52079000,52228000,50761000,0.94K,-1.25%,940
SUN,1,16,1/16/22,52079000,52303000,52530000,51888000,0.60K,-0.43%,600
SAT,1,15,1/15/22,52302000,52219000,52843000,51820000,0.39K,0.11%,390
FRI,1,14,1/14/22,52247000,51756000,52650000,51000000,0.60K,0.98%,600
THUR,1,13,1/13/22,51739000,53338000,53877000,51690000,1.23K,-3.06%,1230
WED,1,12,1/12/22,53373000,52334000,53859000,51680000,0.56K,1.99%,560
TUE,1,11,1/11/22,52334000,51187000,52497000,50399000,1.01K,2.29%,1010
MON,1,10,1/10/22,51163000,51700000,51960000,48868000,0.83K,-1.03%,830
SUN,1,9,1/9/22,51694000,52141000,52615000,51053000,0.54K,-0.86%,540
SAT,1,8,1/8/22,52141000,51356000,52661000,50772000,0.61K,1.53%,610
FRI,1,7,1/7/22,51356000,53245000,53341000,50739000,0.41K,-3.55%,410
THUR,1,6,1/6/22,53245000,53773000,54237000,52357000,0.41K,-1.01%,410
WED,1,5,1/5/22,53788000,56030000,57059000,52730000,1.22K,-4.00%,1220
TUE,1,4,1/4/22,56030000,56617000,57649000,55900000,0.43K,-1.05%,430
MON,1,3,1/3/22,56626000,57496000,57764000,56011000,0.41K,-1.51%,410
SUN,1,2,1/2/22,57496000,57988000,58198000,57100000,0.22K,-0.85%,220
SAT,1,1,1/1/22,57989000,56686000,58279000,56643000,0.51K,2.38%,510